,Survived,Pclass,Name,Sex,Age,SibSp,Parch,Fare,Embarked
0,0.0,3,1,0,1,1,0,0,3
1,1.0,1,2,1,2,1,0,2,0
2,1.0,3,3,1,1,0,0,0,3
3,1.0,1,2,1,2,1,0,2,3
4,0.0,3,1,0,2,0,0,0,3
5,0.0,3,1,0,2,0,0,0,2
6,0.0,1,1,0,3,0,0,2,3
7,0.0,3,4,0,0,3,1,1,3
8,1.0,3,2,1,1,0,2,1,3
9,1.0,2,2,1,0,1,0,2,0
10,1.0,3,3,1,0,1,1,1,3
11,1.0,1,3,1,3,0,0,1,3
12,0.0,3,1,0,1,0,0,0,3
13,0.0,3,1,0,2,1,5,2,3
14,0.0,3,3,1,0,0,0,0,3
15,1.0,2,2,1,3,0,0,1,3
16,0.0,3,4,0,0,4,1,1,2
17,1.0,2,1,0,2,0,0,1,3
18,0.0,3,2,1,2,1,0,1,3
19,1.0,3,2,1,2,0,0,0,0
20,0.0,2,1,0,2,0,0,1,3
21,1.0,2,1,0,2,0,0,1,3
22,1.0,3,3,1,0,0,0,0,2
23,1.0,1,1,0,2,0,0,2,3
24,0.0,3,3,1,0,3,1,1,3
25,1.0,3,2,1,2,1,5,2,3
26,0.0,3,1,0,2,0,0,0,0
27,0.0,1,1,0,0,3,2,3,3
28,1.0,3,3,1,2,0,0,0,2
29,0.0,3,1,0,2,0,0,0,3
30,0.0,1,5,0,3,0,0,1,0
31,1.0,1,2,1,2,1,0,3,0
32,1.0,3,3,1,2,0,0,0,2
33,0.0,2,1,0,3,0,0,1,3
34,0.0,1,1,0,2,1,0,2,0
35,0.0,1,1,0,3,1,0,2,3
36,1.0,3,1,0,2,0,0,0,0
37,0.0,3,1,0,1,0,0,0,3
38,0.0,3,3,1,0,2,0,1,3
39,1.0,3,3,1,0,1,0,1,0
40,0.0,3,2,1,3,1,0,0,3
41,0.0,2,2,1,1,1,0,1,3
42,0.0,3,1,0,2,0,0,0,0
43,1.0,2,3,1,0,1,2,2,0
44,1.0,3,3,1,0,0,0,0,2
45,0.0,3,1,0,2,0,0,0,3
46,0.0,3,1,0,2,1,0,1,2
47,0.0,3,1,0,2,2,0,1,0
48,0.0,3,2,1,0,1,0,1,3
49,0.0,3,4,0,0,4,1,2,3
50,0.0,3,1,0,1,0,0,0,3
51,1.0,1,2,1,3,1,0,2,0
52,1.0,2,2,1,2,1,0,1,3
53,0.0,1,1,0,3,0,1,2,0
54,1.0,2,3,1,1,0,0,1,3
55,0.0,3,1,0,2,0,0,0,0
56,1.0,2,3,1,0,1,2,1,3
57,0.0,3,4,0,0,5,2,2,3
58,0.0,3,1,0,1,0,0,0,0
59,1.0,1,3,1,2,0,0,2,3
60,0.0,1,1,0,3,1,0,2,3
61,0.0,3,4,0,0,3,2,1,3
62,0.0,1,1,0,2,0,0,1,0
63,1.0,3,4,0,2,1,1,1,0
64,1.0,2,2,1,2,0,0,1,3
65,0.0,3,1,0,0,0,0,0,3
66,1.0,3,3,1,0,4,2,0,3
67,0.0,3,1,0,1,2,0,0,3
68,0.0,2,1,0,2,0,0,1,3
69,0.0,3,3,1,0,5,2,2,3
70,0.0,2,1,0,1,0,0,2,3
71,0.0,3,1,0,1,1,0,1,0
72,1.0,3,1,0,2,0,0,2,3
73,0.0,3,1,0,1,0,0,0,3
74,1.0,2,4,0,0,0,2,1,3
75,1.0,3,3,1,2,0,0,1,3
76,0.0,3,1,0,1,0,0,0,3
77,1.0,3,1,0,2,0,0,0,3
78,1.0,3,3,1,2,0,0,0,2
79,0.0,1,1,0,2,0,0,2,3
80,1.0,2,3,1,0,0,0,1,3
81,1.0,3,2,1,2,3,0,1,3
82,0.0,3,1,0,0,1,3,2,3
83,1.0,1,3,1,1,3,2,3,3
84,0.0,3,1,0,1,0,0,0,3
85,0.0,3,1,0,2,0,0,0,3
86,0.0,3,1,0,1,0,0,0,3
87,0.0,1,1,0,3,1,0,2,3
88,0.0,3,1,0,1,1,2,1,3
89,0.0,3,1,0,3,0,0,0,3
90,0.0,1,1,0,3,0,0,2,0
91,1.0,1,1,0,1,0,1,2,0
92,1.0,2,2,1,2,0,1,1,3
93,0.0,2,1,0,2,1,0,1,3
94,0.0,3,3,1,2,0,0,0,3
95,0.0,1,1,0,1,0,1,2,3
96,0.0,3,1,0,2,0,0,0,3
97,0.0,3,1,0,2,2,0,0,3
98,1.0,3,3,1,1,0,0,0,3
99,1.0,3,1,0,2,0,0,0,3
100,0.0,3,1,0,2,0,0,0,3
101,1.0,3,3,1,2,1,0,1,2
102,0.0,1,1,0,3,0,0,2,3
103,0.0,3,3,1,0,1,0,1,0
104,0.0,3,1,0,1,0,0,0,3
105,0.0,3,3,1,1,1,0,0,3
106,0.0,3,3,1,0,0,0,1,0
107,0.0,3,1,0,1,0,0,0,3
108,0.0,3,1,0,3,0,0,0,2
109,0.0,2,1,0,2,1,0,1,3
110,0.0,1,1,0,1,0,1,3,0
111,0.0,3,3,1,0,4,2,2,3
112,0.0,2,1,0,1,2,0,2,3
113,0.0,2,1,0,2,1,0,2,0
114,1.0,2,3,1,2,0,0,1,3
115,0.0,1,1,0,3,0,1,2,3
116,1.0,3,4,0,0,1,0,1,0
117,0.0,3,1,0,2,0,0,0,2
118,1.0,3,1,0,1,0,0,0,3
119,1.0,3,3,1,2,1,1,1,0
120,0.0,3,1,0,3,0,0,0,3
121,0.0,3,1,0,2,0,0,0,0
122,0.0,3,1,0,1,0,0,0,3
123,0.0,3,2,1,3,1,0,1,3
124,0.0,2,1,0,1,0,0,1,3
125,0.0,2,1,0,1,0,0,1,0
126,1.0,1,3,1,0,0,2,1,3
127,0.0,1,1,0,2,1,0,2,3
128,0.0,3,1,0,0,0,0,0,3
129,0.0,1,1,0,1,0,0,2,0
130,0.0,3,2,1,2,0,2,1,0
131,1.0,3,3,1,1,0,0,0,3
132,1.0,3,2,1,1,1,0,1,3
133,0.0,3,1,0,0,0,0,0,2
134,0.0,2,1,0,0,0,0,1,3
135,0.0,2,1,0,0,1,1,2,3
136,1.0,3,1,0,1,0,0,0,3
137,0.0,3,3,1,0,2,2,2,3
138,0.0,2,1,0,2,0,2,1,3
139,0.0,2,5,0,3,0,0,1,3
140,0.0,2,5,0,3,0,0,1,3
141,1.0,1,2,1,1,1,0,2,3
142,0.0,3,1,0,3,0,0,0,3
143,0.0,3,1,0,3,0,2,1,3
144,0.0,3,1,0,2,0,0,0,3
145,0.0,1,1,0,3,0,1,2,0
146,1.0,3,3,1,0,0,0,0,2
147,0.0,3,1,0,2,0,0,0,3
148,0.0,3,1,0,2,0,0,0,3
149,0.0,3,4,0,2,8,2,2,3
150,0.0,3,1,0,3,0,1,1,3
151,1.0,2,2,1,3,0,0,1,3
152,0.0,3,1,0,1,0,0,0,3
153,0.0,3,1,0,0,0,0,0,3
154,0.0,3,4,0,0,4,1,2,3
155,1.0,3,4,0,0,0,2,1,3
156,1.0,1,2,1,2,0,1,2,3
157,0.0,3,2,1,3,1,4,1,3
158,0.0,1,1,0,2,0,0,1,3
159,0.0,3,1,0,2,0,0,2,3
160,0.0,1,1,0,3,0,0,2,3
161,0.0,3,4,0,0,4,1,1,2
162,1.0,3,3,1,0,1,1,1,3
163,0.0,1,1,0,3,0,0,2,0
164,0.0,3,1,0,0,1,1,0,3
165,0.0,3,4,0,2,3,1,1,3
166,0.0,1,3,1,3,0,0,1,0
167,0.0,2,1,0,2,0,0,1,3
168,0.0,3,1,0,2,0,0,0,3
169,0.0,3,3,1,2,8,2,2,3
170,0.0,2,1,0,2,0,0,1,0
171,0.0,3,4,0,0,4,2,2,3
172,1.0,2,4,0,0,2,1,2,3
173,1.0,3,3,1,0,0,2,1,3
174,0.0,1,1,0,2,0,0,2,3
175,1.0,3,2,1,2,1,0,1,2
176,1.0,1,1,0,3,0,0,1,3
177,0.0,3,1,0,3,1,1,1,2
178,0.0,3,1,0,2,0,0,0,3
179,1.0,2,2,1,2,0,0,1,3
180,0.0,2,1,0,0,0,0,1,3
181,1.0,3,3,1,0,1,0,0,3
182,1.0,2,4,0,0,1,1,1,3
183,1.0,1,2,1,3,0,0,1,0
184,1.0,1,3,1,3,0,0,3,0
185,0.0,3,1,0,3,0,1,0,3
186,0.0,2,3,1,1,0,0,1,3
187,0.0,3,1,0,2,0,0,0,3
188,0.0,3,1,0,2,8,2,2,3
189,0.0,3,1,0,2,0,0,0,3
190,0.0,3,1,0,3,0,0,0,0
191,1.0,3,1,0,0,0,0,0,3
192,0.0,3,3,1,0,0,1,1,3
193,0.0,3,1,0,2,1,0,1,3
194,1.0,3,1,0,1,0,0,1,0
195,1.0,3,3,1,0,0,0,0,2
196,1.0,1,1,0,3,0,0,2,0
197,0.0,3,1,0,1,0,0,0,3
198,1.0,2,3,1,2,0,0,1,3
199,0.0,3,1,0,1,0,0,0,3
200,0.0,3,1,0,2,1,0,0,2
201,1.0,1,3,1,2,1,0,3,0
202,1.0,3,3,1,1,0,0,0,3
203,0.0,2,1,0,3,1,0,1,3
204,1.0,1,3,1,2,0,0,2,0
205,0.0,2,1,0,2,0,0,1,3
206,1.0,3,1,0,0,0,0,0,3
207,0.0,2,1,0,1,0,0,1,3
208,0.0,3,1,0,3,0,0,0,3
209,1.0,1,1,0,2,1,0,2,3
210,0.0,3,1,0,1,0,0,0,3
211,1.0,2,1,0,0,0,0,1,3
212,0.0,3,1,0,1,0,0,0,3
213,0.0,2,1,0,0,0,0,1,3
214,0.0,3,3,1,2,3,1,1,3
215,1.0,1,2,1,2,1,0,2,3
216,0.0,3,1,0,2,0,0,0,3
217,0.0,2,1,0,3,0,0,1,3
218,1.0,3,3,1,0,4,2,2,3
219,0.0,2,1,0,1,0,0,1,3
220,0.0,3,3,1,2,0,0,0,3
221,0.0,2,1,0,3,1,0,1,3
222,1.0,2,3,1,0,0,2,1,3
223,0.0,2,1,0,0,0,0,1,3
224,0.0,2,1,0,2,0,0,1,3
225,0.0,3,3,1,2,1,0,1,0
226,1.0,3,3,1,2,1,0,1,2
227,0.0,2,1,0,2,0,0,1,3
228,0.0,3,1,0,1,0,0,0,3
229,0.0,3,1,0,2,0,0,0,0
230,0.0,1,5,0,3,2,0,2,2
231,0.0,3,3,1,1,0,0,0,3
232,1.0,2,2,1,1,0,2,1,3
233,1.0,1,1,0,2,1,1,2,3
234,0.0,2,5,0,3,1,0,1,3
235,0.0,3,1,0,2,0,0,0,3
236,0.0,3,2,1,2,1,1,1,3
237,0.0,1,1,0,3,0,0,1,3
238,0.0,3,1,0,2,1,0,1,3
239,0.0,3,2,1,3,0,2,1,3
240,1.0,3,2,1,2,0,2,1,0
241,1.0,1,2,1,2,0,0,2,0
242,1.0,1,3,1,2,0,0,2,3
243,1.0,1,3,1,2,0,0,3,0
244,1.0,2,2,1,3,0,1,1,3
245,1.0,3,4,0,0,4,2,2,3
246,0.0,1,1,0,3,1,1,2,3
247,0.0,1,1,0,3,0,0,0,3
248,0.0,3,3,1,2,0,0,0,2
249,0.0,2,1,0,2,0,0,1,3
250,0.0,3,1,0,0,4,1,2,3
251,1.0,3,1,0,1,1,0,0,3
252,1.0,1,2,1,3,0,1,3,3
253,1.0,1,3,1,2,0,0,3,3
254,0.0,1,1,0,2,0,0,2,3
255,1.0,3,1,0,1,0,0,0,3
256,1.0,2,2,1,3,0,1,1,3
257,0.0,1,1,0,2,0,1,1,0
258,1.0,1,3,1,3,1,0,2,3
259,0.0,3,3,1,3,0,0,0,3
260,0.0,2,1,0,2,0,0,0,3
261,0.0,3,4,0,0,4,1,1,2
262,1.0,3,2,1,2,1,1,1,3
263,0.0,3,1,0,3,0,0,0,2
264,0.0,3,1,0,2,0,0,0,3
265,0.0,3,1,0,0,0,0,0,3
266,1.0,3,1,0,0,0,0,0,3
267,0.0,1,1,0,2,0,0,1,3
268,0.0,3,1,0,2,0,0,0,0
269,1.0,3,1,0,2,0,0,0,3
270,0.0,3,1,0,1,0,0,0,3
271,1.0,2,1,0,3,0,0,1,3
272,1.0,3,3,1,1,0,0,0,2
273,1.0,1,3,1,1,0,0,2,3
274,1.0,1,2,1,0,1,0,2,0
275,0.0,2,1,0,2,0,0,1,0
276,0.0,3,3,1,1,0,0,0,3
277,0.0,3,1,0,1,0,0,0,3
278,0.0,3,1,0,1,0,0,0,0
279,0.0,1,3,1,0,1,2,3,3
280,1.0,1,1,0,2,0,0,2,3
281,1.0,1,2,1,3,0,1,3,0
282,1.0,3,1,0,2,2,0,1,2
283,0.0,3,1,0,0,0,0,0,3
284,1.0,2,3,1,2,0,0,1,2
285,1.0,1,4,0,0,1,2,3,3
286,1.0,1,3,1,2,0,0,3,0
287,1.0,1,2,1,0,1,0,3,0
288,0.0,2,1,0,2,1,0,1,0
289,1.0,1,3,1,2,0,0,2,0
290,1.0,1,3,1,1,0,0,2,0
291,1.0,1,3,1,0,2,2,3,0
292,0.0,2,2,1,1,1,1,1,3
293,0.0,2,1,0,3,1,1,1,3
294,1.0,3,3,1,1,0,0,0,3
295,1.0,2,2,1,1,1,0,1,3
296,0.0,2,5,0,3,0,0,1,3
297,1.0,1,3,1,2,0,2,3,3
298,1.0,1,2,1,3,1,1,3,0
299,0.0,3,1,0,1,0,0,0,3
300,1.0,2,3,1,2,0,0,1,2
301,1.0,2,2,1,1,1,1,1,3
302,1.0,1,3,1,2,0,0,3,0
303,0.0,3,1,0,3,0,0,0,3
304,1.0,2,2,1,2,0,0,1,3
305,1.0,3,2,1,2,1,1,1,3
306,1.0,1,3,1,0,0,1,2,0
307,1.0,3,3,1,2,2,0,1,2
308,0.0,1,1,0,3,0,0,1,3
309,0.0,1,1,0,2,0,1,3,3
310,0.0,3,1,0,0,2,0,1,3
311,1.0,1,2,1,2,1,0,3,3
312,0.0,1,1,0,2,1,0,2,3
313,1.0,1,3,1,3,0,0,3,0
314,1.0,3,1,0,3,0,0,0,3
315,0.0,1,1,0,3,0,0,2,3
316,1.0,2,4,0,0,1,1,1,3
317,1.0,1,3,1,1,3,2,3,3
318,0.0,2,1,0,2,0,0,1,3
319,0.0,2,1,0,2,0,0,1,3
320,1.0,2,3,1,1,0,0,1,3
321,1.0,2,3,1,3,0,0,1,3
322,1.0,3,2,1,2,1,0,1,3
323,1.0,3,4,0,0,1,1,1,3
324,0.0,3,1,0,3,0,0,0,3
325,0.0,3,1,0,1,0,0,0,3
326,0.0,1,1,0,2,0,0,2,3
327,0.0,3,1,0,0,1,1,0,0
328,0.0,3,1,0,1,1,0,1,3
329,1.0,1,3,1,1,0,1,2,3
330,0.0,2,3,1,2,0,0,1,3
331,0.0,3,1,0,3,1,4,1,3
332,0.0,2,1,0,2,1,0,1,0
333,0.0,3,2,1,3,0,1,1,0
334,0.0,3,1,0,2,0,0,0,3
335,0.0,3,1,0,2,0,0,0,3
336,1.0,1,2,1,3,1,0,2,0
337,1.0,3,2,1,2,0,0,0,0
338,1.0,1,5,1,1,0,0,2,0
339,1.0,1,1,0,1,1,0,2,0
340,0.0,3,1,0,0,1,0,0,3
341,0.0,3,1,0,0,0,0,0,3
342,0.0,1,1,0,1,0,0,3,0
343,0.0,3,3,1,0,3,1,1,3
344,1.0,1,2,1,2,1,0,2,0
345,1.0,3,3,1,1,0,0,0,3
346,0.0,1,1,0,1,0,2,3,0
347,0.0,3,1,0,1,0,0,0,0
348,0.0,3,1,0,0,0,0,0,3
349,1.0,1,3,1,3,0,0,3,0
350,1.0,3,3,1,0,0,2,1,0
351,0.0,3,1,0,2,0,0,0,3
352,1.0,1,2,1,2,1,0,2,3
353,0.0,2,1,0,0,0,0,2,3
354,0.0,3,4,0,0,5,2,2,3
355,1.0,2,3,1,2,0,0,1,3
356,0.0,3,1,0,2,0,0,0,2
357,1.0,2,3,1,0,0,0,1,0
358,1.0,1,1,0,2,1,2,3,3
359,1.0,3,1,0,1,0,0,0,3
360,0.0,3,1,0,2,2,0,0,3
361,1.0,1,3,1,1,1,0,3,0
362,1.0,3,2,1,1,0,2,1,3
363,0.0,3,1,0,1,0,0,0,3
364,0.0,3,3,1,2,0,0,0,3
365,0.0,2,1,0,3,0,0,1,3
366,0.0,2,5,0,1,0,0,1,3
367,1.0,2,2,1,2,0,0,1,3
368,1.0,3,1,0,2,0,0,0,3
369,0.0,3,1,0,1,0,0,0,3
370,0.0,3,3,1,1,1,0,0,3
371,0.0,3,1,0,2,1,0,1,3
372,0.0,3,3,1,1,0,0,0,3
373,0.0,2,1,0,2,1,0,1,3
374,0.0,3,1,0,3,0,0,0,3
375,1.0,2,4,0,0,1,1,1,3
376,0.0,3,1,0,1,0,0,0,3
377,0.0,3,1,0,2,0,0,0,2
378,1.0,1,3,1,2,1,0,2,2
379,1.0,3,1,0,3,0,0,0,3
380,0.0,3,2,1,2,0,0,0,3
381,1.0,2,2,1,2,1,1,2,3
382,1.0,2,3,1,0,0,2,1,3
383,0.0,3,3,1,0,0,2,1,3
384,0.0,3,1,0,1,0,0,0,2
385,0.0,3,1,0,2,0,0,0,3
386,0.0,3,2,1,2,1,1,1,3
387,0.0,3,1,0,0,1,1,1,3
388,1.0,2,2,1,2,1,0,1,3
389,1.0,2,3,1,0,0,0,1,3
390,1.0,3,1,0,2,0,0,0,3
391,1.0,1,1,0,2,0,0,1,3
392,1.0,2,2,1,3,1,0,1,3
393,0.0,3,1,0,0,0,0,0,3
394,0.0,1,1,0,3,1,0,2,3
395,1.0,1,3,1,0,1,2,3,3
396,0.0,3,3,1,1,2,2,2,3
397,1.0,2,2,1,1,2,3,1,3
398,0.0,1,1,0,3,1,4,3,3
399,0.0,2,1,0,2,0,0,1,3
400,1.0,2,2,1,3,1,1,1,3
401,0.0,3,1,0,1,0,0,0,3
402,0.0,3,1,0,1,1,0,0,3
403,1.0,2,5,1,2,0,0,1,3
404,1.0,3,1,0,2,0,0,0,3
405,1.0,1,4,0,0,0,2,2,3
406,1.0,2,3,1,0,0,1,1,3
407,1.0,1,1,0,2,0,0,1,3
408,1.0,3,3,1,0,2,1,1,0
409,1.0,1,5,0,3,0,0,2,3
410,0.0,2,1,0,2,1,2,1,3
411,0.0,3,1,0,2,1,0,1,3
412,0.0,1,1,0,2,0,0,1,0
413,1.0,1,1,0,3,1,0,2,0
414,1.0,3,1,0,2,0,0,0,0
415,0.0,1,1,0,3,0,0,1,3
416,1.0,1,2,1,2,1,0,2,3
417,1.0,2,3,1,3,0,0,1,3
418,1.0,1,1,0,3,0,0,1,3
419,0.0,3,1,0,2,0,0,0,3
420,0.0,1,1,0,3,0,0,2,3
421,0.0,2,1,0,3,0,0,1,3
422,0.0,3,1,0,2,0,0,0,3
423,0.0,1,1,0,3,0,0,1,3
424,0.0,3,1,0,2,0,0,0,2
425,1.0,3,3,1,0,2,1,1,0
426,0.0,3,1,0,2,0,0,0,3
427,1.0,2,2,1,2,1,2,1,3
428,1.0,2,2,1,1,0,0,1,0
429,0.0,3,3,1,1,0,0,0,3
430,0.0,1,1,0,2,0,0,2,3
431,0.0,3,1,0,2,1,0,0,3
432,0.0,3,1,0,1,0,0,0,3
433,1.0,3,3,1,0,0,1,1,3
434,0.0,3,4,0,0,5,2,2,3
435,0.0,3,1,0,3,0,0,0,3
436,1.0,3,2,1,3,0,0,0,3
437,1.0,1,1,0,1,1,0,2,0
438,1.0,1,2,1,2,1,0,2,3
439,0.0,1,1,0,3,0,0,1,0
440,1.0,3,4,0,0,1,1,1,3
441,0.0,3,1,0,1,0,0,0,3
442,0.0,1,1,0,3,0,0,2,3
443,0.0,1,1,0,3,0,0,2,0
444,0.0,3,1,0,2,0,0,1,0
445,1.0,1,3,1,3,1,0,2,0
446,0.0,3,1,0,2,0,0,1,3
447,0.0,1,2,1,1,1,2,3,3
448,0.0,3,1,0,1,0,0,0,3
449,0.0,3,3,1,1,0,0,0,2
450,0.0,3,3,1,2,0,0,0,2
451,0.0,3,3,1,2,0,0,0,3
452,1.0,1,3,1,0,0,0,2,3
453,0.0,1,1,0,0,1,0,3,0
454,1.0,2,2,1,2,0,2,1,3
455,0.0,3,1,0,2,0,0,1,3
456,1.0,3,1,0,1,0,0,2,3
457,1.0,3,1,0,2,0,0,0,2
458,1.0,1,1,0,2,0,0,1,3
459,1.0,1,2,1,3,1,0,2,0
460,0.0,3,1,0,1,0,0,0,3
461,0.0,1,1,0,3,0,0,2,3
462,1.0,2,2,1,2,0,0,1,3
463,0.0,3,1,0,2,0,0,1,2
464,1.0,2,2,1,2,1,0,1,3
465,0.0,3,1,0,2,0,0,0,3
466,1.0,1,3,1,2,0,0,2,3
467,1.0,1,2,1,3,0,1,2,0
468,0.0,3,1,0,2,0,0,0,0
469,0.0,3,1,0,3,0,0,0,2
470,0.0,1,1,0,2,0,0,3,3
471,0.0,3,1,0,2,0,0,0,3
472,0.0,2,1,0,1,2,1,1,3
473,1.0,2,3,1,0,1,1,1,3
474,0.0,3,1,0,0,1,1,0,0
475,1.0,3,2,1,2,0,2,1,0
476,0.0,3,3,1,2,0,0,0,3
477,1.0,2,3,1,0,0,2,1,3
478,0.0,1,5,0,3,0,0,1,3
479,1.0,1,3,1,2,0,0,3,0
480,0.0,3,1,0,2,0,0,1,3
481,1.0,1,3,1,1,0,2,2,0
482,1.0,1,3,1,2,0,2,2,3
483,0.0,3,3,1,0,4,2,2,3
484,0.0,3,3,1,0,4,2,2,3
485,1.0,2,1,0,2,1,0,1,3
486,0.0,1,1,0,3,1,0,3,0
487,0.0,1,1,0,3,0,0,1,3
488,1.0,2,2,1,0,1,0,1,3
489,1.0,2,1,0,2,0,0,1,0
490,0.0,3,1,0,2,1,1,1,3
491,1.0,2,4,0,0,1,1,2,3
492,1.0,1,1,0,0,0,2,3,0
493,0.0,2,1,0,1,0,0,1,3
494,0.0,3,1,0,2,0,0,0,2
495,1.0,3,1,0,1,0,0,0,0
496,1.0,3,3,1,1,0,0,0,3
497,1.0,1,5,1,3,1,0,2,0
498,0.0,1,1,0,2,0,0,3,0
499,1.0,1,2,1,2,1,1,2,3
500,1.0,3,2,1,2,1,0,1,3
501,0.0,3,1,0,3,0,0,0,3
502,0.0,2,1,0,2,0,0,1,3
503,0.0,3,3,1,2,0,0,0,3
504,0.0,3,1,0,1,2,0,1,3
505,0.0,3,1,0,0,0,0,0,3
506,0.0,3,2,1,2,0,4,1,3
507,1.0,3,1,0,2,0,0,0,3
508,1.0,2,1,0,3,0,0,1,3
509,1.0,1,2,1,3,2,0,2,3
510,1.0,1,1,0,2,0,0,1,3
511,0.0,3,1,0,0,0,0,0,3
512,0.0,3,1,0,0,0,0,1,3
513,1.0,2,3,1,2,0,0,1,3
514,1.0,1,2,1,2,1,0,2,3
515,0.0,3,2,1,2,1,0,1,0
516,1.0,3,1,0,2,0,0,0,3
517,1.0,2,3,1,1,1,1,2,3
518,1.0,1,2,1,2,1,1,3,0
519,0.0,2,1,0,3,0,0,1,3
520,0.0,1,1,0,2,0,0,2,0
521,0.0,3,1,0,2,0,0,0,0
522,1.0,1,3,1,0,0,2,2,3
523,0.0,2,1,0,3,0,0,1,3
524,1.0,1,1,0,3,1,1,2,0
525,0.0,3,1,0,2,0,0,0,3
526,1.0,1,2,1,3,1,0,2,0
527,0.0,3,1,0,3,0,0,0,3
528,0.0,3,3,1,2,0,2,0,2
529,0.0,2,1,0,2,1,0,1,3
530,0.0,3,1,0,2,1,1,1,3
531,1.0,2,3,1,2,0,0,2,3
532,0.0,3,1,0,3,0,0,0,3
533,1.0,1,5,0,3,1,0,2,0
534,1.0,2,2,1,1,2,1,1,3
535,0.0,1,1,0,2,0,0,2,3
536,0.0,3,1,0,3,0,0,0,3
537,1.0,1,1,0,2,0,0,1,0
538,0.0,3,1,0,2,1,0,1,3
539,0.0,3,1,0,2,0,0,0,3
540,1.0,1,1,0,1,0,0,2,3
541,1.0,2,2,1,1,1,2,2,0
542,1.0,1,3,1,3,0,0,3,3
543,0.0,3,2,1,2,1,5,2,3
544,0.0,3,1,0,2,0,0,0,3
545,1.0,2,3,1,1,1,2,2,3
546,0.0,3,1,0,2,1,1,1,3
547,0.0,3,2,1,1,1,0,1,3
548,1.0,2,3,1,0,2,1,2,3
549,0.0,2,1,0,1,0,0,1,3
550,0.0,3,1,0,1,1,0,1,0
551,1.0,1,1,0,3,1,0,2,3
552,1.0,3,1,0,1,1,1,1,0
553,0.0,3,1,0,1,0,0,0,3
554,0.0,3,1,0,1,0,0,1,3
555,0.0,1,1,0,3,0,0,2,3
556,0.0,2,5,0,3,0,0,1,2
557,1.0,1,3,1,1,0,0,2,3
558,0.0,3,1,0,1,0,0,0,3
559,0.0,3,1,0,2,0,0,0,2
560,1.0,1,1,0,3,0,0,2,3
561,0.0,3,1,0,3,0,0,0,3
562,1.0,1,5,0,2,0,0,2,0
563,0.0,1,1,0,2,0,0,0,3
564,0.0,3,3,1,0,3,2,1,3
565,1.0,2,3,1,2,0,0,1,3
566,0.0,2,1,0,2,1,1,1,3
567,0.0,3,2,1,3,0,5,2,3
568,0.0,3,1,0,2,1,0,1,3
569,1.0,1,5,1,1,0,0,2,0
570,0.0,3,3,1,0,3,2,1,3
571,1.0,3,1,0,2,0,0,2,3
572,1.0,1,1,0,3,1,0,2,0
573,1.0,1,5,0,3,0,0,2,0
574,0.0,3,1,0,2,0,0,0,3
575,1.0,3,3,1,1,0,0,0,3
576,1.0,2,3,1,0,0,1,1,3
577,0.0,3,1,0,1,0,0,0,3
578,1.0,3,3,1,2,0,0,0,2
579,0.0,3,3,1,0,0,0,0,2
580,0.0,2,1,0,1,2,0,2,3
581,0.0,3,2,1,2,1,1,1,2
582,0.0,2,1,0,1,0,0,1,3
583,0.0,1,1,0,3,0,2,3,0
584,1.0,1,5,0,3,2,0,3,3
585,0.0,3,1,0,3,0,0,0,0
586,0.0,1,1,0,3,0,0,1,3
587,0.0,3,1,0,2,0,0,0,3
588,1.0,3,1,0,1,1,0,0,3
589,0.0,2,1,0,2,2,0,2,3
590,0.0,3,1,0,2,0,0,0,3
591,0.0,3,1,0,3,0,0,0,3
592,1.0,1,2,1,2,1,0,2,3
593,1.0,2,2,1,3,1,1,2,3
594,0.0,1,1,0,2,1,0,2,3
595,0.0,2,1,0,3,0,0,1,3
596,1.0,2,1,0,2,0,0,1,3
597,0.0,3,1,0,0,0,0,0,3
598,0.0,3,1,0,1,0,0,0,3
599,1.0,3,3,1,0,0,0,0,3
600,0.0,3,2,1,3,1,6,2,3
601,1.0,1,1,0,2,0,1,3,0
602,0.0,3,3,1,2,0,0,0,2
603,1.0,1,1,0,1,0,0,2,0
604,0.0,3,1,0,1,0,0,0,3
605,0.0,3,1,0,0,5,2,2,3
606,0.0,2,1,0,3,1,1,2,3
607,0.0,2,1,0,1,1,2,2,0
608,0.0,3,1,0,0,4,1,2,3
609,0.0,3,1,0,0,0,0,1,3
610,0.0,3,1,0,0,0,0,0,3
611,1.0,1,3,1,0,0,1,3,3
612,1.0,1,1,0,2,1,0,2,3
613,1.0,3,3,1,0,0,1,1,0
614,0.0,3,1,0,1,0,0,0,0
615,0.0,1,5,0,3,0,0,1,3
616,0.0,2,1,0,3,0,0,1,3
617,1.0,3,3,1,2,0,0,0,2
618,0.0,1,1,0,3,1,1,3,0
619,0.0,3,1,0,3,0,0,0,3
620,1.0,1,2,1,0,1,0,3,0
621,1.0,1,1,0,2,0,0,1,3
622,0.0,3,3,1,0,0,1,1,0
623,0.0,3,1,0,1,0,0,0,2
624,0.0,3,1,0,1,1,0,0,3
625,0.0,2,1,0,2,0,0,1,3
626,1.0,2,2,1,3,0,0,1,3
627,1.0,1,1,0,3,0,0,1,3
628,1.0,1,3,1,1,0,0,3,3
629,1.0,1,5,1,1,0,0,2,0
630,0.0,1,1,0,2,0,0,1,3
631,1.0,1,1,0,3,1,0,2,3
632,0.0,3,1,0,2,0,0,0,3
633,0.0,2,1,0,3,0,0,1,3
634,0.0,3,1,0,0,0,0,0,3
635,1.0,1,3,1,2,0,0,3,0
636,1.0,2,3,1,1,0,0,1,3
637,0.0,3,1,0,2,0,0,1,2
638,0.0,3,1,0,2,0,0,0,3
639,1.0,2,3,1,0,0,1,2,3
640,0.0,3,1,0,0,1,0,0,3
641,0.0,2,1,0,2,0,0,1,3
642,0.0,2,1,0,3,0,0,1,3
643,1.0,1,1,0,1,1,0,2,3
644,0.0,3,1,0,1,0,0,0,3
645,1.0,2,2,1,2,3,0,1,3
646,1.0,3,3,1,2,0,0,0,2
647,0.0,2,1,0,1,1,0,1,3
648,0.0,3,3,1,1,1,0,0,3
649,1.0,1,3,1,2,0,0,3,3
650,0.0,3,1,0,0,0,0,1,0
651,0.0,3,1,0,2,0,0,1,3
652,0.0,3,2,1,3,1,3,2,3
653,1.0,1,1,0,2,0,0,3,0
654,1.0,1,1,0,2,0,0,2,3
655,0.0,1,1,0,2,1,0,2,3
656,1.0,1,3,1,1,2,2,3,0
657,0.0,3,1,0,1,1,0,1,3
658,1.0,3,1,0,2,0,0,0,3
659,0.0,1,5,0,3,1,1,2,3
660,0.0,3,1,0,0,1,1,1,3
661,1.0,2,3,1,2,0,0,1,3
662,0.0,1,1,0,0,1,0,2,3
663,0.0,3,1,0,2,0,0,0,2
664,1.0,2,3,1,0,1,1,1,3
665,1.0,3,4,0,0,0,1,1,3
666,0.0,3,1,0,2,0,0,0,3
667,0.0,3,1,0,1,0,0,0,3
668,1.0,2,2,1,3,1,2,2,3
669,1.0,2,4,0,0,1,1,1,3
670,0.0,3,1,0,2,0,0,0,3
671,1.0,1,5,1,2,0,0,2,3
672,0.0,3,1,0,3,0,0,0,3
673,1.0,3,1,0,1,0,0,0,0
674,1.0,1,2,1,2,1,2,3,3
675,0.0,3,1,0,0,0,0,0,3
676,1.0,1,2,1,3,1,0,2,3
677,0.0,1,5,0,2,0,0,2,0
678,0.0,3,3,1,2,0,0,0,2
679,0.0,3,1,0,2,1,0,1,2
680,0.0,3,1,0,2,0,0,0,3
681,0.0,3,1,0,1,0,0,0,3
682,0.0,3,1,0,3,0,0,0,3
683,0.0,2,2,1,3,0,0,1,3
684,1.0,2,2,1,3,1,3,1,3
685,0.0,3,1,0,0,0,0,0,3
686,1.0,3,3,1,0,0,0,1,3
687,0.0,3,1,0,2,0,0,0,2
688,1.0,1,2,1,3,0,1,3,3
689,1.0,3,3,1,0,0,0,0,0
690,1.0,1,2,1,0,1,0,2,3
691,0.0,1,1,0,2,0,0,2,3
692,0.0,3,1,0,2,1,2,1,3
693,0.0,3,1,0,1,0,0,0,3
694,0.0,3,1,0,1,0,0,0,3
695,1.0,3,3,1,0,0,0,0,3
696,0.0,3,4,0,0,4,1,1,2
697,1.0,3,4,0,0,1,2,1,3
698,0.0,1,1,0,3,0,0,2,0
699,0.0,2,1,0,0,0,0,1,3
700,0.0,1,1,0,2,0,0,2,0
701,0.0,3,1,0,1,0,0,0,3
702,0.0,2,1,0,2,0,0,1,3
703,1.0,1,5,1,3,0,0,1,3
704,1.0,3,2,1,2,0,0,0,3
705,0.0,3,1,0,2,0,0,0,0
706,0.0,3,2,1,2,1,1,1,3
707,1.0,2,2,1,2,1,1,1,3
708,1.0,1,4,0,0,1,2,3,3
709,1.0,3,4,0,0,0,1,0,0
710,1.0,3,1,0,1,0,0,0,3
711,0.0,3,1,0,2,0,0,0,3
712,0.0,1,1,0,2,0,0,0,3
713,0.0,3,3,1,0,0,0,0,3
714,1.0,1,2,1,2,1,0,2,3
715,0.0,3,1,0,1,0,0,0,3
716,0.0,3,1,0,2,0,0,1,3
717,0.0,2,1,0,2,0,0,1,3
718,0.0,3,3,1,0,4,2,2,3
719,0.0,3,1,0,2,0,0,0,3
720,0.0,3,3,1,1,0,0,0,3
721,0.0,2,1,0,2,1,1,2,0
722,0.0,3,1,0,3,0,0,0,3
723,0.0,3,4,0,0,3,2,1,3
724,1.0,1,2,1,3,1,1,2,3
725,1.0,3,1,0,1,0,0,0,3
726,0.0,1,5,0,2,0,0,0,3
727,1.0,3,2,1,1,0,1,1,3
728,0.0,3,4,0,0,4,1,2,3
729,0.0,3,1,0,2,0,0,0,2
730,1.0,2,4,0,0,0,2,2,0
731,1.0,3,1,0,2,0,0,0,2
732,1.0,1,2,1,3,0,0,2,3
733,1.0,3,2,1,0,1,0,1,0
734,1.0,2,4,0,0,1,1,1,3
735,0.0,3,1,0,1,0,0,0,3
736,0.0,3,1,0,0,0,0,0,3
737,1.0,1,3,1,2,1,1,2,0
738,0.0,3,1,0,1,0,0,0,3
739,1.0,1,1,0,2,0,0,1,0
740,0.0,3,1,0,1,0,0,0,3
741,0.0,2,1,0,0,0,0,1,3
742,1.0,1,3,1,2,0,0,2,0
743,0.0,3,1,0,2,0,0,0,0
744,0.0,3,1,0,3,0,0,0,3
745,0.0,3,1,0,2,0,0,0,0
746,0.0,2,5,0,2,0,1,2,3
747,1.0,1,2,1,2,1,0,2,0
748,0.0,3,4,0,0,4,2,2,3
749,0.0,3,1,0,3,0,0,0,3
750,0.0,3,3,1,0,1,1,1,0
751,1.0,1,3,1,0,0,1,2,3
752,0.0,2,2,1,3,1,0,1,3
753,1.0,3,2,1,0,0,1,0,3
754,1.0,1,2,1,3,1,1,3,3
755,1.0,1,1,0,3,0,0,1,3
756,1.0,3,2,1,1,0,3,1,0
757,0.0,3,1,0,3,2,0,1,3
758,0.0,2,1,0,1,1,0,1,3
759,1.0,1,2,1,3,0,0,1,3
760,0.0,2,1,0,1,0,0,1,3
761,1.0,2,2,1,3,0,0,1,3
762,1.0,2,3,1,1,1,0,1,0
763,0.0,1,1,0,2,0,0,2,3
764,1.0,3,4,0,0,1,1,1,3
765,1.0,1,2,1,3,1,1,2,3
766,0.0,1,1,0,2,0,0,0,3
767,0.0,3,1,0,3,0,0,0,3
768,1.0,2,2,1,2,1,0,1,0
769,1.0,3,3,1,0,0,0,0,0
770,0.0,3,1,0,1,0,0,0,3
771,1.0,1,2,1,3,0,1,2,0
772,1.0,2,2,1,1,0,1,1,3
773,0.0,3,1,0,2,0,0,0,3
774,0.0,3,3,1,1,0,0,1,3
775,0.0,2,1,0,2,0,0,1,3
776,0.0,3,2,1,2,0,5,1,2
777,0.0,2,5,0,1,0,0,1,3
778,1.0,1,3,1,0,0,0,2,3
779,0.0,3,3,1,2,1,2,1,3
780,1.0,1,1,0,1,0,0,2,0
781,0.0,3,1,0,2,0,0,0,2
782,,3,1,0,2,0,0,0,2
783,,3,2,1,3,1,0,0,3
784,,2,1,0,3,0,0,0,2
785,,3,1,0,1,0,0,0,3
786,,3,2,1,1,1,1,1,3
787,,3,1,0,0,0,0,0,3
788,,3,3,1,2,0,0,0,2
789,,2,1,0,1,1,1,1,3
790,,3,2,1,0,0,0,0,0
791,,3,1,0,1,2,0,1,3
792,,3,1,0,2,0,0,0,3
793,,1,1,0,3,0,0,1,3
794,,1,2,1,1,1,0,2,3
795,,2,1,0,3,1,0,1,3
796,,1,2,1,3,1,0,2,3
797,,2,2,1,1,1,0,1,0
798,,2,1,0,2,0,0,1,2
799,,3,1,0,1,0,0,0,0
800,,3,3,1,1,1,0,0,3
801,,3,2,1,3,0,0,0,0
802,,1,1,0,3,1,0,2,0
803,,3,4,0,0,0,1,0,3
804,,1,2,1,2,0,0,2,3
805,,1,1,0,1,0,1,2,0
806,,1,2,1,3,1,3,3,0
807,,3,1,0,3,1,0,1,3
808,,1,3,1,1,0,1,2,0
809,,3,1,0,1,0,0,0,0
810,,1,1,0,3,0,0,2,3
811,,3,1,0,2,2,0,1,0
812,,2,1,0,3,1,0,1,3
813,,2,1,0,1,2,0,2,3
814,,3,2,1,2,1,2,1,3
815,,3,2,1,2,1,2,1,3
816,,1,1,0,2,1,0,2,0
817,,3,1,0,0,0,0,0,0
818,,3,3,1,2,0,0,0,3
819,,3,3,1,1,0,0,0,3
820,,3,1,0,1,0,0,0,3
821,,3,1,0,2,0,0,2,3
822,,3,1,0,2,0,1,1,0
823,,1,1,0,2,0,0,1,3
824,,3,1,0,3,0,0,0,3
825,,2,2,1,2,0,0,1,3
826,,1,2,1,3,1,0,2,3
827,,3,1,0,1,0,0,0,3
828,,1,1,0,3,0,0,1,0
829,,3,1,0,2,0,0,0,2
830,,1,2,1,3,0,0,2,0
831,,3,2,1,2,0,2,1,3
832,,1,1,0,1,1,0,2,3
833,,2,1,0,1,0,0,1,0
834,,2,3,1,1,2,1,1,3
835,,1,3,1,2,3,2,3,3
836,,2,1,0,2,0,0,1,0
837,,3,4,0,0,4,1,1,2
838,,3,1,0,2,0,0,0,3
839,,3,1,0,1,0,0,0,3
840,,3,1,0,2,1,0,1,3
841,,1,3,1,2,0,0,3,0
842,,3,1,0,0,0,0,0,3
843,,2,1,0,2,0,0,1,3
844,,3,1,0,0,0,0,0,3
845,,3,3,1,1,0,0,0,2
846,,1,4,0,0,2,2,3,0
847,,2,2,1,2,0,0,1,3
848,,3,3,1,0,0,0,0,2
849,,1,1,0,3,0,0,2,3
850,,1,1,0,2,0,0,1,0
851,,1,2,1,3,1,4,3,3
852,,3,3,1,1,0,0,0,2
853,,3,1,0,1,0,0,0,3
854,,3,3,1,2,0,0,0,3
855,,1,1,0,2,0,0,1,0
856,,1,3,1,2,0,0,3,0
857,,1,1,0,2,0,0,3,0
858,,3,1,0,2,0,0,0,3
859,,1,2,1,3,2,0,1,3
860,,2,1,0,2,0,0,1,3
861,,3,3,1,1,0,0,0,2
862,,3,4,0,0,1,1,1,0
863,,1,1,0,3,1,0,3,3
864,,1,1,0,3,0,0,1,3
865,,3,1,0,2,0,0,0,3
866,,2,1,0,2,0,0,1,2
867,,3,1,0,2,1,0,1,0
868,,3,3,1,1,0,0,0,2
869,,3,3,1,0,0,0,0,3
870,,3,5,1,2,0,0,0,2
871,,2,4,0,0,1,1,1,3
872,,3,2,1,1,1,0,1,3
873,,3,1,0,2,0,0,0,3
874,,1,2,1,1,1,2,2,3
875,,3,1,0,2,0,0,0,3
876,,1,1,0,1,0,0,1,0
877,,3,1,0,1,0,0,0,3
878,,1,2,1,3,1,0,2,3
879,,3,1,0,2,0,0,0,3
880,,3,3,1,1,0,0,0,3
881,,3,1,0,2,0,0,0,3
882,,1,2,1,3,1,0,2,0
883,,2,1,0,1,1,0,1,3
884,,3,1,0,2,0,0,0,2
885,,3,1,0,1,0,0,0,3
886,,3,2,1,0,1,1,0,0
887,,3,1,0,2,0,0,1,3
888,,3,1,0,1,0,0,0,2
889,,3,1,0,2,0,0,0,2
890,,3,1,0,2,0,0,0,3
891,,2,1,0,0,0,0,1,3
892,,2,1,0,3,0,0,1,0
893,,3,3,1,2,0,0,0,2
894,,1,3,1,2,0,0,2,0
895,,3,3,1,0,0,0,0,2
896,,1,2,1,3,1,0,3,3
897,,3,1,0,0,1,0,1,0
898,,3,1,0,2,0,0,0,0
899,,3,3,1,0,1,1,1,3
900,,1,1,0,2,0,0,2,0
901,,2,2,1,2,1,0,1,3
902,,2,3,1,0,0,0,1,3
903,,3,1,0,2,1,0,0,2
904,,1,2,1,2,1,0,2,0
905,,3,1,0,2,0,0,0,3
906,,3,1,0,2,0,0,0,2
907,,3,3,1,0,0,1,1,3
908,,3,1,0,1,0,0,0,3
909,,3,3,1,2,2,0,1,2
910,,2,1,0,3,0,0,1,3
911,,3,1,0,1,0,0,0,3
912,,3,1,0,2,0,0,0,3
913,,1,5,0,3,0,0,1,0
914,,3,2,1,2,0,4,1,3
915,,3,1,0,2,1,0,0,0
916,,3,1,0,3,0,0,0,3
917,,3,1,0,1,0,0,0,3
918,,3,1,0,1,0,0,0,0
919,,2,1,0,1,0,0,1,3
920,,3,3,1,1,0,0,0,3
921,,3,1,0,3,1,6,2,3
922,,3,3,1,0,5,2,2,3
923,,1,3,1,2,0,0,3,3
924,,1,1,0,3,1,3,3,0
925,,2,1,0,2,0,0,1,3
926,,1,1,0,3,0,0,1,3
927,,3,1,0,2,3,0,1,3
928,,1,1,0,2,0,0,2,3
929,,3,1,0,1,0,0,0,3
930,,1,1,0,2,0,0,1,3
931,,2,5,0,2,1,1,1,3
932,,1,2,1,1,0,1,2,0
933,,3,1,0,2,0,0,0,0
934,,3,1,0,3,0,0,2,3
935,,3,2,1,2,0,2,1,3
936,,3,4,0,0,4,2,2,3
937,,3,1,0,1,0,0,0,3
938,,1,3,1,2,0,0,3,3
939,,3,3,1,1,0,0,0,3
940,,1,1,0,3,0,0,1,3
941,,3,2,1,1,0,2,1,3
942,,3,3,1,2,0,0,0,2
943,,3,4,0,0,1,1,1,0
944,,2,3,1,1,0,0,1,3
945,,3,1,0,2,0,0,0,3
946,,2,5,0,3,0,0,1,3
947,,3,2,1,1,1,1,1,3
948,,1,1,0,3,0,0,2,0
949,,3,1,0,0,2,2,2,3
950,,1,2,1,2,0,0,1,0
951,,3,3,1,1,0,0,0,3
952,,3,1,0,2,0,0,0,3
953,,3,1,0,1,0,0,0,0
954,,3,1,0,1,1,0,1,3
955,,3,1,0,2,0,0,0,0
956,,3,1,0,3,1,5,2,3
957,,2,3,1,0,0,2,2,3
958,,2,3,1,1,0,0,2,3
959,,1,1,0,3,1,0,2,0
960,,2,2,1,2,0,3,2,3
961,,1,2,1,3,0,2,2,0
962,,2,1,0,2,0,0,1,3
963,,1,1,0,2,1,1,2,0
964,,1,2,1,0,1,0,2,3
965,,3,1,0,2,0,0,0,2
966,,1,2,1,1,1,1,3,0
967,,2,1,0,3,0,0,1,3
968,,2,3,1,1,0,1,1,3
969,,3,1,0,0,2,0,0,3
970,,3,3,1,2,8,2,2,3
971,,2,1,0,3,0,0,1,3
972,,2,1,0,2,1,0,1,3
973,,1,1,0,2,0,0,1,3
974,,3,4,0,0,1,1,1,3
975,,2,1,0,3,0,0,1,2
976,,2,4,0,0,0,2,2,3
977,,3,1,0,2,0,0,0,3
978,,1,4,0,0,0,2,3,0
979,,3,3,1,0,0,0,0,3
980,,2,1,0,1,0,0,1,3
981,,3,2,1,2,0,0,0,3
982,,3,3,1,2,0,0,1,2
983,,3,4,0,0,0,2,1,3
984,,1,5,0,3,1,0,3,0
985,,2,3,1,0,1,1,1,3
986,,2,1,0,1,0,0,1,3
987,,1,1,0,2,0,0,1,0
988,,3,3,1,2,0,0,0,2
989,,2,1,0,1,0,0,1,3
990,,1,3,1,2,0,0,1,0
991,,3,1,0,1,0,0,0,3
992,,3,1,0,2,0,0,1,3
993,,3,1,0,2,0,0,0,3
994,,2,1,0,0,0,0,2,3
995,,2,2,1,3,1,0,1,3
996,,3,3,1,2,4,2,0,3
997,,1,1,0,3,0,0,2,3
998,,3,3,1,2,0,0,0,2
999,,1,1,0,3,1,1,3,3
1000,,1,2,1,3,1,1,3,0
1001,,3,1,0,2,0,0,0,3
1002,,2,3,1,2,1,0,1,0
1003,,3,1,0,1,0,0,0,3
1004,,2,2,1,1,0,0,1,3
1005,,3,1,0,1,0,0,0,3
1006,,1,2,1,3,0,0,1,0
1007,,3,2,1,2,0,2,1,0
1008,,3,1,0,1,0,0,0,3
1009,,3,3,1,2,0,0,0,2
1010,,3,1,0,3,0,0,1,3
1011,,2,1,0,2,0,0,1,3
1012,,2,1,0,0,0,0,2,3
1013,,1,3,1,1,0,0,1,3
1014,,3,1,0,1,1,0,0,3
1015,,3,1,0,2,0,0,0,2
1016,,1,1,0,2,1,0,2,0
1017,,3,1,0,1,0,0,0,3
1018,,1,1,0,3,1,0,2,0
1019,,3,1,0,1,0,0,0,0
1020,,2,3,1,0,1,1,1,3
1021,,1,2,1,3,1,0,3,0
1022,,1,2,1,3,0,0,1,0
1023,,2,2,1,3,0,2,2,3
1024,,1,1,0,3,1,1,3,0
1025,,3,1,0,2,0,0,0,3
1026,,3,4,0,2,1,2,1,3
1027,,1,1,0,3,1,0,2,3
1028,,2,2,1,1,0,0,1,3
1029,,2,1,0,3,1,1,2,3
1030,,2,2,1,2,1,0,1,3
1031,,3,2,1,2,1,0,1,0
1032,,2,3,1,0,1,2,1,3
1033,,3,1,0,1,0,0,0,3
1034,,1,1,0,1,1,0,3,0
1035,,3,1,0,1,0,0,0,3
1036,,3,1,0,2,0,0,0,3
1037,,3,1,0,2,0,0,0,3
1038,,3,1,0,2,0,0,0,2
1039,,3,1,0,2,0,0,0,3
1040,,2,3,1,0,0,0,1,3
1041,,3,1,0,1,0,0,0,3
1042,,3,1,0,2,1,0,1,3
1043,,3,1,0,1,0,0,0,3
1044,,2,2,1,2,0,2,1,3
1045,,3,3,1,0,1,1,1,3
1046,,2,1,0,2,0,0,1,0
1047,,3,1,0,2,0,0,0,3
1048,,1,1,0,2,0,0,0,3
1049,,3,1,0,2,0,0,0,3
1050,,3,3,1,2,0,0,0,3
1051,,3,1,0,0,0,0,0,3
1052,,1,1,0,3,0,0,2,0
1053,,3,1,0,2,0,0,0,2
1054,,1,2,1,1,1,0,3,0
1055,,3,3,1,2,1,0,1,2
1056,,3,1,0,2,0,0,0,0
1057,,2,3,1,1,1,0,1,3
1058,,2,1,0,2,0,0,1,3
1059,,2,1,0,3,1,0,1,3
1060,,2,1,0,2,1,0,1,3
1061,,2,1,0,1,0,0,1,3
1062,,3,3,1,1,0,0,0,3
1063,,3,4,0,0,1,1,1,3
1064,,3,3,1,2,0,0,0,2
1065,,3,3,1,0,1,1,1,0
1066,,3,3,1,0,1,1,1,3
1067,,3,1,0,2,0,0,0,3
1068,,3,1,0,2,0,0,0,3
1069,,1,1,0,1,1,0,2,3
1070,,3,1,0,2,0,0,0,0
1071,,3,1,0,2,0,0,0,3
1072,,1,1,0,2,0,0,2,3
1073,,3,3,1,2,0,0,0,2
1074,,3,1,0,2,0,0,0,0
1075,,1,5,0,3,1,1,2,3
1076,,3,1,0,2,0,0,0,3
1077,,3,1,0,1,0,0,0,3
1078,,2,3,1,0,1,2,2,0
1079,,3,1,0,2,2,0,1,0
1080,,1,1,0,2,0,0,2,3
1081,,3,1,0,2,0,0,0,3
1082,,3,1,0,2,0,0,0,3
1083,,2,1,0,2,0,0,1,0
1084,,2,1,0,3,0,1,1,3
1085,,3,1,0,1,0,0,0,3
1086,,3,3,1,2,0,0,0,2
1087,,1,2,1,3,1,1,1,3
1088,,1,1,0,2,1,2,3,3
1089,,3,4,0,0,0,1,0,3
1090,,1,1,0,3,1,1,2,3
1091,,3,2,1,3,1,0,1,3
1092,,3,1,0,0,0,0,0,3
1093,,3,1,0,1,0,0,0,0
1094,,3,1,0,2,0,0,0,3
1095,,3,3,1,2,0,0,0,2
1096,,1,2,1,3,0,0,3,0
1097,,3,3,1,0,0,0,0,2
1098,,1,1,0,3,1,0,3,0
1099,,2,1,0,0,0,0,1,3
1100,,3,1,0,1,0,0,0,3
1101,,2,1,0,1,2,0,2,3
1102,,3,1,0,1,0,0,0,3
1103,,3,1,0,1,0,0,0,0
1104,,2,1,0,1,0,0,1,3
1105,,1,1,0,2,0,0,1,3
1106,,1,3,1,2,0,0,3,3
1107,,3,1,0,1,0,0,0,3
1108,,2,3,1,0,2,1,2,3
1109,,1,1,0,3,0,0,2,0
1110,,2,1,0,2,1,0,1,3
1111,,2,1,0,1,0,0,1,3
1112,,2,2,1,3,0,2,2,3
1113,,1,1,0,2,0,0,1,0
1114,,3,1,0,2,0,0,0,0
1115,,3,2,1,0,1,1,1,0
1116,,3,1,0,1,0,0,0,3
1117,,1,1,0,2,0,0,1,3
1118,,2,1,0,2,0,0,1,3
1119,,3,1,0,2,0,2,0,0
1120,,2,1,0,1,0,0,2,3
1121,,3,4,0,2,0,0,0,0
1122,,2,1,0,0,0,0,1,3
1123,,3,1,0,2,0,0,0,3
1124,,3,1,0,2,1,9,2,3
1125,,1,2,1,3,0,1,3,0
1126,,3,4,0,2,1,1,1,3
1127,,3,3,1,0,0,0,0,3
1128,,2,1,0,1,0,0,1,3
1129,,3,2,1,2,0,0,0,0
1130,,2,1,0,1,0,0,1,3
1131,,2,3,1,2,0,0,1,3
1132,,1,2,1,3,0,1,2,0
1133,,2,1,0,1,0,0,1,3
1134,,2,1,0,0,0,0,2,3
1135,,2,1,0,3,1,2,2,3
1136,,3,3,1,0,1,2,1,3
1137,,1,1,0,3,0,0,1,3
1138,,1,2,1,3,2,0,2,3
1139,,3,1,0,2,0,0,0,3
1140,,3,1,0,2,0,0,0,2
1141,,3,2,1,2,1,0,1,3
1142,,3,4,0,0,8,2,2,3
1143,,2,2,1,1,1,1,2,0
1144,,2,2,1,2,0,0,1,3
1145,,3,1,0,1,0,0,0,3
1146,,1,2,1,1,1,0,2,0
1147,,3,2,1,2,1,9,2,3
1148,,3,1,0,2,1,0,1,0
1149,,3,3,1,1,0,0,2,3
1150,,1,2,1,3,0,1,2,0
1151,,2,1,0,2,0,0,1,0
1152,,2,1,0,1,1,0,1,3
1153,,1,3,1,2,0,0,3,0
1154,,1,1,0,3,0,0,0,3
1155,,2,1,0,3,0,0,1,3
1156,,1,2,1,3,1,1,2,3
1157,,1,3,1,3,0,0,3,0
1158,,3,3,1,1,2,0,0,3
1159,,2,1,0,1,0,0,1,3
1160,,1,1,0,3,0,0,2,3
1161,,3,4,0,0,4,2,2,3
1162,,3,1,0,2,0,0,0,2
1163,,3,1,0,1,0,0,0,2
1164,,3,2,1,2,0,0,1,3
1165,,3,2,1,0,1,0,1,3
1166,,2,1,0,2,0,0,1,3
1167,,2,3,1,1,1,2,2,3
1168,,3,1,0,1,0,0,0,3
1169,,2,1,0,3,0,0,1,3
1170,,3,1,0,1,0,0,0,2
1171,,3,4,0,0,3,1,1,3
1172,,1,1,0,1,0,0,2,3
1173,,1,2,1,3,0,1,2,3
1174,,3,4,0,0,0,2,1,3
1175,,2,1,0,3,0,0,1,3
1176,,3,1,0,2,3,1,1,3
1177,,1,2,1,0,1,0,2,3
1178,,3,1,0,1,0,0,0,2
1179,,1,2,1,3,1,1,2,0
1180,,3,1,0,1,0,0,0,3
1181,,3,1,0,2,0,0,0,2
1182,,1,3,1,2,0,0,3,3
1183,,2,1,0,2,1,0,1,3
1184,,1,3,1,1,0,1,2,0
1185,,1,1,0,0,0,0,2,3
1186,,1,1,0,3,1,0,1,0
1187,,2,1,0,1,0,0,1,0
1188,,2,1,0,1,1,0,1,3
1189,,1,1,0,3,1,1,3,0
1190,,3,3,1,2,0,0,0,2
1191,,3,3,1,0,1,1,1,3
1192,,3,3,1,2,0,0,0,2
1193,,1,2,1,2,1,0,2,2
1194,,3,3,1,2,0,0,0,3
1195,,3,1,0,2,0,0,0,3
1196,,1,5,1,2,0,0,3,0
1197,,3,1,0,2,0,0,0,3
1198,,3,1,0,2,0,0,0,3
1199,,3,4,0,2,1,1,1,0
